<?xml version='1.0' encoding='UTF-8'?>

<!-- =========== FULL CONFIGURATION FILE ================================== -->

<faces-config version="2.1"
              xmlns="http://java.sun.com/xml/ns/javaee"
              xmlns:xsi="http://www.w3.org/2001/XMLSchema-instance"
              xsi:schemaLocation="http://java.sun.com/xml/ns/javaee http://java.sun.com/xml/ns/javaee/web-facesconfig_2_1.xsd">

    <navigation-rule>
        <from-view-id>/index.xhtml</from-view-id>
        <navigation-case>
            <from-outcome>users</from-outcome>
            <to-view-id>/users/userhome.xhtml</to-view-id>
            <redirect></redirect>
        </navigation-case>
    </navigation-rule>
    
    <navigation-rule>
        <from-view-id>/users/userhome.xhtml</from-view-id>
        <navigation-case>
            <from-outcome>index</from-outcome>
            <to-view-id>/index.xhtml</to-view-id>
            <redirect></redirect>
        </navigation-case>
        <navigation-case>
            <from-outcome>makepayment</from-outcome>
            <to-view-id>/users/make_payment.xhtml</to-view-id>
            <redirect></redirect>
        </navigation-case>
        <navigation-case>
            <from-outcome>requestpayment</from-outcome>
            <to-view-id>/users/request_payment.xhtml</to-view-id>
            <redirect></redirect>
        </navigation-case>
        <navigation-case>
            <from-outcome>viewrequests</from-outcome>
            <to-view-id>/users/view_requests.xhtml</to-view-id>
            <redirect></redirect>
        </navigation-case>
    </navigation-rule>
    
    <navigation-rule>
        <from-view-id>/index.xhtml</from-view-id>
        <navigation-case>
            <from-outcome>admins</from-outcome>
            <to-view-id>/admins/adminhome.xhtml</to-view-id>
            <redirect></redirect>
        </navigation-case>
    </navigation-rule>
    
    <navigation-rule>
        <from-view-id>/admins/adminhome.xhtml</from-view-id>
        <navigation-case>
            <from-outcome>index</from-outcome>
            <to-view-id>/index.xhtml</to-view-id>
            <redirect></redirect>
        </navigation-case>
        <navigation-case>
            <from-outcome>registeradmin</from-outcome>
            <to-view-id>/admins/registrationAdmin.xhtml</to-view-id>
        </navigation-case>
        <navigation-case>
            <from-outcome>viewuserdetails</from-outcome>
            <to-view-id>/admins/user_details.xhtml</to-view-id>
        </navigation-case>
        <navigation-case>
            <from-outcome>viewtransactions</from-outcome>
            <to-view-id>/admins/view_transactions.xhtml</to-view-id>
        </navigation-case>
    </navigation-rule>
    
    <navigation-rule>
        <from-view-id>/users/userhome.xhtml</from-view-id>
        <navigation-case>
            <from-outcome>viewtransactions</from-outcome>
            <to-view-id>/users/view_all_transactions.xhtml</to-view-id>
            <redirect></redirect>
        </navigation-case>
    </navigation-rule>
    
    <navigation-rule>
        <from-view-id>/users/view_all_transactions.xhtml</from-view-id>
        <navigation-case>
            <from-outcome>home</from-outcome>
            <to-view-id>/users/userhome.xhtml</to-view-id>
            <redirect></redirect>
        </navigation-case>
    </navigation-rule>
    
    <navigation-rule>
        <from-view-id>/users/make_payment.xhtml</from-view-id>
        <navigation-case>
            <from-outcome>home</from-outcome>
            <to-view-id>/users/userhome.xhtml</to-view-id>
            <redirect></redirect>
        </navigation-case>
        <navigation-case>
            <from-outcome>paymentdone</from-outcome>
            <to-view-id>/users/make_payment.xhtml</to-view-id>
            <redirect></redirect>
        </navigation-case>
    </navigation-rule>
    
    <navigation-rule>
        <from-view-id>/users/request_payment.xhtml</from-view-id>
        <navigation-case>
            <from-outcome>home</from-outcome>
            <to-view-id>/users/userhome.xhtml</to-view-id>
            <redirect></redirect>
        </navigation-case>
    </navigation-rule>
    
    <navigation-rule>
        <from-view-id>/users/view_requests.xhtml</from-view-id>
        <navigation-case>
            <from-outcome>home</from-outcome>
            <to-view-id>/users/userhome.xhtml</to-view-id>
            <redirect></redirect>
        </navigation-case>
        <navigation-case>
            <from-outcome>home</from-outcome>
            <to-view-id>/users/userhome.xhtml</to-view-id>
        </navigation-case>
    </navigation-rule>
    <navigation-rule>
        <from-view-id>/admins/registrationAdmin.xhtml</from-view-id>
        <navigation-case>
            <from-outcome>home</from-outcome>
            <to-view-id>/admins/adminhome.xhtml</to-view-id>
        </navigation-case>
    </navigation-rule>
    <navigation-rule>
        <from-view-id>/admins/user_details.xhtml</from-view-id>
        <navigation-case>
            <from-outcome>home</from-outcome>
            <to-view-id>/admins/adminhome.xhtml</to-view-id>
        </navigation-case>
    </navigation-rule>
    <navigation-rule>
        <from-view-id>/admins/view_transactions.xhtml</from-view-id>
        <navigation-case>
            <from-outcome>home</from-outcome>
            <to-view-id>/admins/adminhome.xhtml</to-view-id>
        </navigation-case>
    </navigation-rule>
    <navigation-rule>
        <from-view-id>/registration.xhtml</from-view-id>
        <navigation-case>
            <from-outcome>index</from-outcome>
            <to-view-id>/index.xhtml</to-view-id>
        </navigation-case>
        <navigation-case>
            <from-outcome>reset</from-outcome>
            <to-view-id>/registration.xhtml</to-view-id>
        </navigation-case>
    </navigation-rule>
    <navigation-rule>
        <from-view-id>/login.xhtml</from-view-id>
        <navigation-case>
            <from-outcome>index</from-outcome>
            <to-view-id>/index.xhtml</to-view-id>
        </navigation-case>
    </navigation-rule>
    <navigation-rule>
        <from-view-id>/error.xhtml</from-view-id>
        <navigation-case>
            <from-outcome>index</from-outcome>
            <to-view-id>/index.xhtml</to-view-id>
        </navigation-case>
    </navigation-rule>
</faces-config>
